document_id,clean_text,sentiment_ai_ml
1892437596678029752,AI: Reshaping the Future of Teaching? AIinEducation EdTech ArtificialIntelligence FutureofEducation Teachers EducationTechnology AITeaching PersonalizedLearning EducationalInnovation SchoolTechnology,Neutral
1892437416994111938,RT : This 14.8 ft anime-style transformer robot can be piloted by a person by Robotics AI ArtificialIntelliâ€¦,Neutral
1892437280264016077,"KritiKal helps businesses to revolutionize application with AI &amp; GenAI-driven solutions, specializing in model integration, management, cloud solutions, analytics etc. Contact us at sales.com KritiKal tech AI artificialintelligence genai generativeai",Neutral
1892437088320008519,"Want to sound like an AI expert at your next dinner party? ğŸ¤–ğŸ“š These 7 AI books will have you nodding sagely in no time. From ethics to innovation, it's all here. AI MustRead ArtificialIntelligence TechBooks Innovation EthicsInAI",Neutral
1892437071937061292,"If your account is Hacked, or your Account being tempered with, All you need is a Good hacker... Inbox now for all Hacking Services Hacked icloud snapchat Discord Roblox missingphone privacy CyberSecurity cyberattack Linux MachineLearning DataScience DataAnalytics",Neutral
1892437009861410906,RT : How to Reduce the Risk of AI and Enhance Its Societal Impact by Cornelia C. Walther Read more:,Neutral
1892436995521069422,RT : How to Reduce the Risk of AI and Enhance Its Societal Impact by Cornelia C. Walther Read more:,Neutral
1892436849240465417,Have Your account been Hacked Dm now for help ArtificialIntelligence DataScience DataScientists innovation deeplearning CyberSecurity nocode Python Coding javascript rstats 100DaysOfCode programming Linux loT loT Trending Python Bitcoin B Blockchain,Neutral
1892436808744542437,RT : AI vs AI: The challenge of ArtificialIntelligence in recognizing itself by Read more:,Negative
1892436794571944203,RT : AI vs AI: The challenge of ArtificialIntelligence in recognizing itself by Read more:,Negative
1892436557451444588,"Hi Guys, here is my 3rdã€Œ30 seconds A.I. Filmã€creation. Hope you enjoy watching it on YOUTUBE. Healing the Buddha 3 å¾…ä½›æ…ˆæ‚² YouTube Link: aifilm aimovie artificialintelligence shortmovie shortfilm minimovie minifilm",Neutral
1892436426668609682,RT : Feelings about autonomous airplanes! ğŸ¤£ AI MachineLearning DeepLearning DataScience Robotics IoT â€¦,Positive
1892436279779803280,vhslogitech Coolgix iot iotsolutions iotdevices criticalcare artificialintelligence healthcareinnovation logistics logisticsmanagement manufacturing supplychainsolutions Blockchain Visit: for more details. Do follow us!,Neutral
1892436141703369180,"If your account is Hacked, or your Account being tempered with, All you need is a Good hacker... Inbox now for all Hacking Services Hacked icloud snapchat Discord Roblox missingphone privacy CyberSecurity cyberattack Linux MachineLearning DataScience DataAnalytics:",Neutral
1892436105250709838,"If your account is Hacked, or your Account being tempered with, All you need is a Good hacker... Inbox now for all Hacking Services Hacked icloud snapchat Discord Roblox missingphone privacy CyberSecurity cyberattack Linux MachineLearning DataScience DataAnalytics:",Neutral
1892435735703150862,"ğŸš€Big Data, Bigger Challenges! So how do you tackle it? Whatâ€™s your best friend in the world of extremely large datasets in Python?ğŸ‘‡ ğŸ””Follow for more Python and Data Science insights! ğŸ“Šâœ¨ DataScience Python BigData 1stepGrow 1stepGrowAcademy MachineLearning",Neutral
1892435567104631126,RT : World's first human procedure by Robotic dentist by Robotics ArtificialIntelligence MachineLearning â€¦,Neutral
1892434882388713540,RT : Python Commands python programming developer programmer coding coder softwaredeveloper computerscience webdev weâ€¦,Neutral
1892434589622095995,Big things are coming ğŸš€â€”something to help businesses like yours grow smarter with AI. Want a sneak peek? Comment or DM me! ğŸ‘‡ ArtificialIntelligence BusinessGrowth,Neutral
1892434526728593696,"Heartfelt Congratulations to Our Chairman, T.L. Nandagopal Sir! ğŸŒŸ Leadership AIForGood IRCS ArtificialIntelligence Gratitude",Neutral
1892433893250191366,RT : Using Spatial Information to Identify Recent Explosion of Volcanoes with Deep Learning! BigData Analytics DataScience â€¦,Neutral
1892433877727138208,RT : Intro: TensorFlow! BigData Analytics DataScience AI MachineLearning IoT IIoT PyTorch Python RStats Mathematicsâ€¦,Neutral
1892433787839009033,RT : Neural Autoencoders and Neural Networks. BigData Analytics DataScience AI MachineLearning IoT IIoT Python RStatsâ€¦,Neutral
1892433716380582095,RT : Free eBook: Bayesian Reasoning and Machine Learning! BigData Analytics DataScience AI MachineLearning IoT IIoT PyTâ€¦,Neutral
1892433692519272764,RT : Abstract Algebra by Gregory Lee! BigData Analytics DataScience AI MachineLearning IoT IIoT Python RStats TensorFâ€¦,Neutral
1892433670159339874,RT : Free eBook: Understanding Machine Learning! BigData Analytics DataScience AI MachineLearning IoT IIoT PyTorch Pytâ€¦,Neutral
1892433645849251892,RT : Learning Geospatial Analysis with Python! BigData Analytics DataScience AI MachineLearning IoT IIoT PyTorch Pythoâ€¦,Neutral
1892433615721566310,RT : Machine Learning Design Patterns! BigData Analytics DataScience AI MachineLearning IoT IIoT PyTorch Python RStatâ€¦,Neutral
1892433598290026754,RT : Python Library Recommendation. BigData Analytics DataScience AI MachineLearning IoT IIoT RStats TensorFlow Javaâ€¦,Neutral
1892433578580914407,RT : Best Book Recommendation. BigData Analytics DataScience AI MachineLearning IoT IIoT PyTorch Python RStats Tensoâ€¦,Neutral
1892433344140378547,Ø¥Ø°Ø§ ØªÙ… Ø§Ø®ØªØ±Ø§Ù‚ Ø­Ø³Ø§Ø¨Ùƒ ØŒ Ø£Ùˆ ÙŠØªÙ… ØªØ®ÙÙŠÙ Ø­Ø³Ø§Ø¨Ùƒ ØŒ ÙÙƒÙ„ Ù…Ø§ ØªØ­ØªØ§Ø¬Ù‡ Ù‡Ùˆ Ù…ØªØ³Ù„Ù„ Ø¬ÙŠØ¯ ... ØµÙ†Ø¯ÙˆÙ‚ Ø§Ù„ÙˆØ§Ø±Ø¯ Ø§Ù„Ø¢Ù† Ù„Ø¬Ù…ÙŠØ¹ Ø®Ø¯Ù…Ø§Øª Ø§Ù„Ù‚Ø±ØµÙ†Ø© hacked icloud snapchat discord Roblox MissingPhone Privacy CyberSecurity cyberattack linux MachineLearning Datascience Dataanalytics facebookdown Spy,Neutral
1892433274883969105,RT : World's first human procedure by Robotic dentist by Robotics ArtificialIntelligence MachineLearning â€¦,Neutral
1892432816492703828,8 strange ways you can (accidently) expose data DataSecurity Privacy 100DaysOfCode CloudSecurity MachineLearning Phishing Ransomware Cybersecurity CyberAttack DataProtection DataBreach Hacked Infosec,Neutral
1892432616357241292,8 strange ways you can (accidently) expose data DataSecurity Privacy 100DaysOfCode CloudSecurity MachineLearning Phishing Ransomware Cybersecurity CyberAttack DataProtection DataBreach Hacked Infosec,Neutral
1892432466985570315,8 strange ways emproyees can (accidently) expose data DataSecurity Privacy 100DaysOfCode CloudSecurity MachineLearning Phishing Ransomware Cybersecurity CyberAttack DataProtection DataBreach Hacked Infosec!!,Neutral
1892432437646397480,The ways in which AI can be used for precision agriculture: ArtificialIntelligence,Neutral
1892432428406296604,"If your account is Hacked, or your Account being tempered with, All you need is a Good hacker... Inbox now for all Hacking Services Hacked icloud snapchat Discord Roblox missingphone privacy CyberSecurity cyberattack Linux MachineLearning DataScience DataAnalytics",Neutral
1892432377420415165,Conscious Light is Conscious Data that the Conscious Mind can process. ArtificialIntelligence AI Consciousness Philosophy Engineering,Neutral
1892432350828511332,RT : samplesize sample population research researcherlife researchers aiml bigdata machinelearning datascience daâ€¦,Neutral
1892432270020984855,"Are you ready to transform your business with cutting-edge technology? Our AI Services are here to help you innovate, automate, and grow! ğŸ¯ Limited-Time Offer: Get 10% Off Your First Project! AIServices ArtificialIntelligence Innovation TechSolutions FutureReady AI ML",Neutral
1892432245417213984,RT : Differentiable ODE Solvers! BigData Analytics DataScience AI MachineLearning IoT IIoT Python RStats TensorFlow â€¦,Neutral
1892431803140472882,"If your account is Hacked, or your Account being tempered with, All you need is a Good hacker... Inbox now for all Hacking Services Hacked icloud snapchat Discord Roblox missingphone privacy CyberSecurity cyberattack Linux MachineLearning DataScience DataAnalytics",Neutral
1892431752691388467,8 strange ways emproyees can (accidently) expose data DataSecurity Privacy 100DaysOfCode CloudSecurity MachineLearning Phishing Ransomware Cybersecurity CyberAttack DataProtection DataBreach Hacked Infosec!!,Neutral
1892431745359696011,"AI Chaos: Why OpenAI, Google and Microsoft Keep Shifting Strategies | AI Google Microsoft ArtificialIntelligence OpenAI",Neutral
1892431590422090023,8 strange ways you can (accidently) expose data DataSecurity Privacy 100DaysOfCode CloudSecurity MachineLearning Phishing Ransomware Cybersecurity CyberAttack DataProtection DataBreach Hacked Infosec,Neutral
1892431505558745164,ğŸ“£Deal of the DayğŸ“£ Feb 19 SAVE 45% TODAY ONLY! Machine Learning for C Developers &amp; selected titles: New MEAP! Create production-quality machinelearning models in C without leaving the .NET ecosystem. csharp dotnet mldotnet ML,Neutral
1892431485644525993,Transform data into intelligence! eMpulse's Data Science division delivers deep analytical insights to help businesses make smarter decisions Ph- 63643 96848 Visit Us: datascience BigData Analytics SmartDecisions AI MachineLearning empulse,Neutral
1892431278286266873,"ğŸ•Šï¸ When data points take flight! Watch as DBSCAN clustering reveals a stunning dove, Unsupervised learning can be beautiful! Created with Python. AI MachineLearning DataScience DBSCAN Python",Neutral
1892431220409323838,AI is revolutionizing operational efficiency! Dr. Salim Al-Shuaili â€“ AI for business transformation Demi Stefanova â€“ From raw data to real insights Panel Symposium â€“ AIâ€™s role in reshaping industries OPEX25 AIinBusiness ArtificialIntelligence OperationalExcellence,Neutral
1892431142113964378,RT : World's first human procedure by Robotic dentist by Robotics ArtificialIntelligence MachineLearning â€¦,Neutral
1892431040712429726,8 strange ways you can (accidently) expose data DataSecurity Privacy 100DaysOfCode CloudSecurity MachineLearning Phishing Ransomware Cybersecurity CyberAttack DataProtection DataBreach Hacked Infosec,Neutral
1892430937738100910,"Master Data Science, AI, Machine Learning, Power BI &amp; Gen AI Website: Email id: hr.co.in Phone no: +91 8095430684 / +91 9341219924 / 080 25281255 datascience datasciencewithpython python CHATGPT education career jobs machinelearning ml",Neutral
1892430736117903757,Has China just overtaken the US in the global AI race? | Debate TechJunkieInvest investing TechJunkieNews Tech (video) USA EmergingMarkets geopolitics China Asia Startups OpenAI ArtificialIntelligence DeepSeek,Neutral
1892430484392575473,"Ready to dive into the world of AI? ğŸš€ My latest blog post reveals the 8 BEST resources for beginners! From courses to communities, get started on your AI journey today. AI MachineLearning DeepLearning DataScience AIBeginner TechLearning",Neutral
1892430478466306156,For creative minds Play inside of your painting with a bit of AI magic â¤ï¸ğŸ® indiedev gamedev switch Nindie madewithunity NintendoLife PixelArt 8bitart discord supermariomaker2 Yoshi family artificialintelligence puzzle games indiegames,Neutral
1892430402372981045,China's AI is unbelievable .. ğŸ‡¨ğŸ‡³ğŸš€ Alibaba just dropped Animate Anyone 2â€”it can replace a fast-moving actor from any video with just an image! AI is moving even faster in 2025. ğŸ”¥ AI ArtificialIntelligence Alibaba AnimateAnyone DeepLearning TechInnovation FutureOfAIâ€¦,Neutral
1892430302875681077,"Malam gaisss. Zett ready joki machine learning yaaa. Klasifikasi, forecasting, analisis sentimen, clustering, dll. Algoritma k means, naive bayes, knn, SVM, indoBERT, dll juga bisa yaaa. zonauang jokitugas jokiskripsi jokistatistik machinelearning",Neutral
1892430294709326032,ğŸš€ Whoâ€™s REALLY Winning the AI Infrastructure Race? The AI arms race isnâ€™t just about who builds the smartest models. Itâ€™s about who has the strongest infrastructure. AI ArtificialIntelligence Nvidia Meta,Neutral
1892430266742034465,"ğŸ¤– AI isn't just code - it's experience in action! Machines learn, adapt &amp; evolve through data + smart algorithms to tackle tasks just like humans do. The future is here and it's learning! ğŸš€ ArtificialIntelligence MachineLearning TechInnovation AIFuture â€¦",Neutral
1892430236899324394,"Congrats on the AI CUDA Engineer! Now, let's train it with premium data from and make it even more agentic. PublicAI's decentralized network can help unlock its full potential AI MachineLearning",Neutral
1892429949975310494,"This article explores key Python libraries for machine learning,including Scikit-Learn,TensorFlow, and PyTorch,highlighting their features and use cases. MachineLearning Python TensorFlow ScikitLearn AI DataScience MLLibraries CrestInfotech ğŸš€ğŸ¤–",Neutral
1892429941771268302,Explore Ways to Profit Publishing a Bestselling Book on Amazon KDP in just 24 Hours Using ChatGPT. Essential strategies to market a bestselling book on Amazon KDP with ChatGPT. Get your hands on a free report: . artificialintelligence ebook free fr,Neutral
1892429546344816883,Predicting Fuel Properties through Sequential Forward Selection (SFS) Enhance Ensemble ... MachineLearning,Neutral
1892429270246420724,"Richard A. Frey, CEO of Inait, explores how artificial intelligence is revolutionizing energy markets, enhancing efficiency, and reshaping decision-making in high-stakes trading environments. Read the full report here: ArtificialIntelligenceâ€¦",Neutral
1892429213476479224,"ğŸ¤–ğŸ“· AI meets water science! This study uses machinelearning models to track lake eutrophication by analyzing phytoplankton dynamics, offering smarter solutions for waterquality management. Read more:",Neutral
1892429207327658321,2. Distorted Digital Identity: The need for multiple accounts suggests that many users feel their online identity is inaccurately represented. This highlights the fact that recommendation systems still struggle to model human behavior accurately. MachineLearning SocialMedia,Neutral
1892429012573549039,"Unsupervised Learning in AI is a game changer! ğŸš€ It uncovers hidden patterns, improves efficiency, and paves the way for future innovations. Imagine systems learning and improving on their own, without any explicit instructions! The future is now. MachineLearning TechFuture",Neutral
1892429011935973690,"AI is transforming power plants! Predictive maintenance, energy auditing, and theft detection are reducing losses &amp; boosting efficiency. AI Sustainability Energy NewsAi AI AiNews News TechNews ArtificialIntelligence Innovation FutureTech",Positive
1892428576487559642,ğŸš€ Build Your Own AI Assistant for Web &amp; Mobile Apps! ğŸ¤–âœ¨ AI MachineLearning AIassistant ChatbotDevelopment WebDevelopment MobileApps TechInnovation Automation TechStartups OptimityLogics,Neutral
1892428559391617470,RT : The only way to win is to play better than the others. HeroesAi ğŸ”¥ AI + Crypto is shaping the new economy. Are you ready?â€¦,Neutral
1892428558892450021,RT : The only way to win is to play better than the others. HeroesAi ğŸ”¥ AI + Crypto is shaping the new economy. Are you ready?â€¦,Neutral
1892428556828852509,RT : The only way to win is to play better than the others. HeroesAi ğŸ”¥ AI + Crypto is shaping the new economy. Are you ready?â€¦,Neutral
1892428556145242385,RT : The only way to win is to play better than the others. HeroesAi ğŸ”¥ AI + Crypto is shaping the new economy. Are you ready?â€¦,Neutral
1892428556099047728,RT : The only way to win is to play better than the others. HeroesAi ğŸ”¥ AI + Crypto is shaping the new economy. Are you ready?â€¦,Neutral
1892428555763569092,RT : The only way to win is to play better than the others. HeroesAi ğŸ”¥ AI + Crypto is shaping the new economy. Are you ready?â€¦,Neutral
1892428555738366360,RT : The only way to win is to play better than the others. HeroesAi ğŸ”¥ AI + Crypto is shaping the new economy. Are you ready?â€¦,Neutral
1892428555340173461,RT : The only way to win is to play better than the others. HeroesAi ğŸ”¥ AI + Crypto is shaping the new economy. Are you ready?â€¦,Neutral
1892428555214090651,RT : The only way to win is to play better than the others. HeroesAi ğŸ”¥ AI + Crypto is shaping the new economy. Are you ready?â€¦,Neutral
1892428554551324787,RT : The only way to win is to play better than the others. HeroesAi ğŸ”¥ AI + Crypto is shaping the new economy. Are you ready?â€¦,Neutral
1892428554287165507,RT : The only way to win is to play better than the others. HeroesAi ğŸ”¥ AI + Crypto is shaping the new economy. Are you ready?â€¦,Neutral
1892428553586610583,RT : The only way to win is to play better than the others. HeroesAi ğŸ”¥ AI + Crypto is shaping the new economy. Are you ready?â€¦,Neutral
1892428385231552751,RT : Cloud Services ğŸ”¥ğŸš€ cloud aws azure googlecloud python programming developer programmer coding coder softwaredevelâ€¦,Neutral
1892428075951923680,"Elon Muskâ€™s Grok 3 is now No.1 on LM Marina leaderboard, beating GPT-4, DeepSeek &amp; Gemini! But is it really the most advanced AI or just hype? ğŸ¤¯ ğŸ¥ Watch Now: Grok3 AInews OpenAI DeepSeekAI ArtificialIntelligence ElonMuskAI GeminiAI TechUpdates",Neutral
1892427848830636479,The End of Humaneâ€™s â€œAi Pinâ€: Whatâ€™s Next for AI Wearables? AI ArtificialIntelligence,Neutral
1892427730316108178,"Stuck choosing between OpenAI and Hugging Face APIs for your next project? ğŸ¤” My latest blog post breaks down the pros and cons of each, helping you decide which is the perfect fit! OpenAI HuggingFace API NLP AI MachineLearning DeepLearning",Neutral
1892427705465131314,Customer expectations are evolving fastâ€”are you ready to meet them with cutting-edge digital solutions? DigitalTransformation CustomerExperience AI MachineLearning Innovation AR VR IoT BusinessGrowth GoingDigital CustomerJourney,Neutral
1892427462140706966,RT : World's first human procedure by Robotic dentist by Robotics ArtificialIntelligence MachineLearning â€¦,Neutral
1892427239515402306,"AI-driven recruitment tools analyze vast candidate pools to match the right talent with the right roles, ensuring better hires and faster placements. MachineLearning TalentAcquisition",Neutral
1892427215687864563,à¸„à¸¸à¸¢à¸‡à¹ˆà¸²à¸¢ à¹€à¸à¹‡à¸šà¸„à¸§à¸²à¸¡à¸¥à¸±à¸šà¸¥à¸¹à¸à¸„à¹‰à¸² Line : à¸£à¸±à¸šà¹€à¸‚à¸µà¸¢à¸™à¹‚à¸›à¸£à¹à¸à¸£à¸¡ à¹€à¸‚à¸µà¸¢à¸™à¹‚à¸›à¸£à¹à¸à¸£à¸¡ python C arduino php html css js java ImageProcessing opencv MachineLearning sql vb.net à¸£à¸±à¸šà¹€à¸‚à¸µà¸¢à¸™à¹‚à¸„à¹‰à¸” à¹€à¸‚à¸µà¸¢à¸™à¹‚à¸„à¹‰à¸” à¸£à¸±à¸šà¸—à¸³à¸à¸²à¸£à¸šà¹‰à¸²à¸™ à¸£à¸±à¸šà¸—à¸³à¸à¸²à¸£à¸šà¹‰à¸²à¸™à¸¡à¸«à¸²à¸§à¸´à¸—à¸¢à¸²à¸¥à¸±à¸¢ à¸£à¸±à¸šà¸—à¸³à¹‚à¸›à¸£à¹€à¸ˆà¸„ à¸£à¸±à¸šà¸—à¸³à¸à¸²à¸£à¸šà¹‰à¸²à¸™à¹€à¸‚à¸µà¸¢à¸™à¹‚à¸›à¸£à¹à¸à¸£à¸¡,Neutral
1892427004093616617,"""AI is not the futureâ€”itâ€™s the present. From automating tasks to revolutionizing industries, it's changing the way we work and live. Adapting to AI isnâ€™t optional anymore; itâ€™s necessary. Are you keeping up with the AI revolution? ArtificialIntelligence AI FutureOfWork""",Neutral
1892426912644956583,RT : The Terminator at 40: this sci-fi â€˜B-movieâ€™ still shapes how we view the threat of AI v/ â€¦,Neutral
1892426654141522075,RT : AI vs AI: The challenge of ArtificialIntelligence in recognizing itself by Read more:,Negative
1892426570314240387,"For Java developers, AI and machine learning capabilities are now simple to use and deploy! With Deeplearning4J (DL4J) &amp; DJL, you can build, train, and integrate ML models directly in Java, making the most of the powerful Java ecosystem. AIforJava MachineLearning JavaAI DL4J",Neutral
1892426431273021503,"RT : China is already in 2030. A Robot waiter at a gas station in Lingang, Shanghai. ğŸ’¥ğŸ–– AI IoT 5G NLP MachineLearningâ€¦",Neutral
1892426008763961778,New song out now! Be sure to go give it a listen and let me know what you think. newsong suno artificialintelligence StarsEverywhere,Neutral
1892425875552866593,RT : AI vs AI: The challenge of ArtificialIntelligence in recognizing itself by Read more:,Negative
1892425835119845423,"9/ Stay ahead of AI trends! Follow for the latest on AI innovation, industry shifts, and business applications. Letâ€™s navigate the future of AI together! ğŸš€ AI ArtificialIntelligence TechTrends FutureofWork",Neutral
1892425392704696724,RT : Robot Cooks Fried Rice In Just 90 Seconds by Robotics AI ArtificialIntelligence Engineering Macâ€¦,Neutral
1892425237498569182,New song out now! Be sure to go give it a listen and let me know what you think. newsong suno artificialintelligence StarsEverywhere,Neutral
1892424603596714361,RT : Interactive NDVI Visualization (1987-2025) Using Landsat Composite in Google Earth Engine. Tutorial Link:,Neutral
